id,genre
1,metal
2,blues
3,metal
4,metal
5,metal
6,metal
7,metal
8,blues
9,blues
10,metal
11,blues
12,metal
13,blues
14,metal
15,metal
16,metal
17,blues
18,metal
19,rock
20,metal
21,metal
22,metal
23,metal
24,metal
25,metal
26,blues
27,metal
28,metal
29,metal
30,metal
31,metal
32,metal
33,metal
34,metal
35,metal
36,metal
37,metal
38,metal
39,metal
40,blues
41,blues
42,metal
43,metal
44,metal
45,metal
46,blues
47,blues
48,metal
49,metal
50,metal
51,jazz
52,metal
53,metal
54,blues
55,metal
56,blues
57,metal
58,blues
59,metal
60,metal
61,blues
62,blues
63,metal
64,metal
65,metal
66,metal
67,metal
68,metal
69,jazz
70,metal
71,metal
72,metal
73,blues
74,blues
75,metal
76,blues
77,blues
78,metal
79,metal
80,jazz
81,metal
82,blues
83,jazz
84,blues
85,metal
86,metal
87,metal
88,metal
89,metal
90,blues
91,blues
92,metal
93,metal
94,blues
95,metal
96,metal
97,metal
98,metal
99,metal
100,metal
101,metal
102,jazz
103,blues
104,blues
105,metal
106,blues
107,jazz
108,metal
109,metal
110,metal
111,rock
112,metal
113,metal
114,metal
115,metal
116,metal
117,metal
118,blues
119,metal
120,blues
121,blues
122,metal
123,rock
124,blues
125,metal
126,metal
127,blues
128,blues
129,metal
130,blues
131,metal
132,metal
133,metal
134,metal
135,metal
136,blues
137,blues
138,metal
139,metal
140,blues
141,metal
142,blues
143,metal
144,blues
145,metal
146,blues
147,blues
148,metal
149,blues
150,metal
151,blues
152,blues
153,metal
154,blues
155,metal
156,metal
157,metal
158,blues
159,blues
160,metal
161,metal
162,blues
163,blues
164,blues
165,metal
166,blues
167,metal
168,country
169,metal
170,metal
171,metal
172,blues
173,metal
174,metal
175,blues
176,blues
177,blues
178,metal
179,jazz
180,blues
181,metal
182,blues
183,metal
184,metal
185,metal
186,metal
187,blues
188,blues
189,metal
190,jazz
191,metal
192,metal
193,blues
194,metal
195,metal
196,metal
197,metal
198,metal
199,blues
200,metal
201,rock
202,metal
203,metal
204,metal
205,rock
206,metal
207,blues
208,blues
209,blues
210,metal
211,blues
212,blues
213,metal
214,metal
215,metal
216,blues
217,metal
218,metal
219,metal
220,metal
221,blues
222,blues
223,metal
224,metal
225,metal
226,metal
227,metal
228,blues
229,metal
230,metal
231,metal
232,metal
233,metal
234,metal
235,blues
236,jazz
237,metal
238,metal
239,blues
240,blues
241,jazz
242,blues
243,metal
244,blues
245,metal
246,metal
247,metal
248,blues
249,metal
250,metal
251,blues
252,metal
253,blues
254,metal
255,metal
256,metal
257,metal
258,blues
259,metal
260,blues
261,metal
262,blues
263,metal
264,blues
265,blues
266,country
267,metal
268,blues
269,metal
270,blues
271,metal
272,metal
273,metal
274,metal
275,metal
276,metal
277,metal
278,blues
279,metal
280,blues
281,metal
282,metal
283,country
284,blues
285,metal
286,blues
287,metal
288,blues
289,metal
290,metal
291,metal
292,blues
293,blues
294,country
295,country
296,metal
297,metal
298,metal
299,blues
300,blues
301,metal
302,metal
303,metal
304,metal
305,blues
306,metal
307,blues
308,blues
309,metal
310,metal
311,metal
312,metal
313,metal
314,metal
315,metal
316,blues
317,metal
318,metal
319,blues
320,metal
321,blues
322,blues
323,metal
324,metal
325,blues
326,metal
327,metal
328,metal
329,metal
330,blues
331,metal
332,blues
333,metal
334,metal
335,jazz
336,blues
337,blues
338,metal
339,metal
340,blues
341,metal
342,rock
343,blues
344,metal
345,metal
346,blues
347,metal
348,metal
349,metal
350,blues
351,metal
352,metal
353,metal
354,rock
355,metal
356,blues
357,metal
358,metal
359,metal
360,blues
361,metal
362,metal
363,country
364,metal
365,metal
366,metal
367,metal
368,blues
369,metal
370,metal
371,blues
372,metal
373,metal
374,blues
375,metal
376,blues
377,metal
378,metal
379,jazz
380,metal
381,metal
382,metal
383,blues
384,blues
385,metal
386,metal
387,metal
388,blues
389,blues
390,blues
391,blues
392,metal
393,blues
394,rock
395,blues
396,metal
397,metal
398,blues
399,metal
400,metal
401,metal
402,blues
403,blues
404,metal
405,metal
406,blues
407,metal
408,metal
409,metal
410,blues
411,rock
412,blues
413,metal
414,metal
415,blues
416,metal
417,jazz
418,blues
419,metal
420,metal
421,metal
422,blues
423,metal
424,jazz
425,metal
426,metal
427,metal
428,blues
429,metal
430,metal
431,metal
432,blues
433,metal
434,metal
435,metal
436,metal
437,blues
438,metal
439,metal
440,blues
441,blues
442,metal
443,metal
444,jazz
445,metal
446,blues
447,blues
448,metal
449,blues
450,metal
451,metal
452,metal
453,blues
454,blues
455,jazz
456,metal
457,metal
458,metal
459,metal
460,blues
461,blues
462,blues
463,metal
464,metal
465,metal
466,blues
467,metal
468,metal
469,metal
470,metal
471,blues
472,metal
473,metal
474,metal
475,blues
476,metal
477,blues
478,blues
479,blues
480,metal
481,metal
482,blues
483,jazz
484,blues
485,metal
486,metal
487,metal
488,metal
489,metal
490,metal
491,metal
492,metal
493,metal
494,jazz
495,blues
496,metal
497,jazz
498,metal
499,metal
500,metal
501,blues
502,blues
503,metal
504,metal
505,blues
506,metal
507,blues
508,rock
509,country
510,metal
511,metal
512,metal
513,country
514,jazz
515,metal
516,country
517,metal
518,metal
519,metal
520,metal
521,metal
522,metal
523,metal
524,jazz
525,metal
526,metal
527,blues
528,jazz
529,metal
530,metal
531,metal
532,metal
533,blues
534,metal
535,metal
536,blues
537,metal
538,metal
539,metal
540,blues
541,blues
542,metal
543,metal
544,metal
545,blues
546,metal
547,metal
548,metal
549,metal
550,metal
551,metal
552,metal
553,metal
554,metal
555,blues
556,metal
557,blues
558,country
559,blues
560,metal
561,metal
562,metal
563,blues
564,blues
565,metal
566,rock
567,metal
568,metal
569,blues
570,metal
571,blues
572,blues
573,metal
574,metal
575,blues
576,blues
577,metal
578,blues
579,metal
580,metal
581,metal
582,metal
583,metal
584,metal
585,metal
586,metal
587,blues
588,metal
589,jazz
590,metal
591,jazz
592,blues
593,metal
594,metal
595,metal
596,jazz
597,blues
598,blues
599,metal
600,metal
601,blues
602,blues
603,metal
604,jazz
605,metal
606,metal
607,metal
608,blues
609,blues
610,metal
611,metal
612,metal
613,metal
614,metal
615,metal
616,country
617,metal
618,metal
619,metal
620,metal
621,metal
622,blues
623,blues
624,metal
625,metal
626,blues
627,metal
628,metal
629,metal
630,blues
631,metal
632,blues
633,metal
634,blues
635,metal
636,metal
637,jazz
638,jazz
639,metal
640,blues
641,blues
642,metal
643,country
644,metal
645,country
646,metal
647,metal
648,metal
649,metal
650,metal
651,metal
652,metal
653,metal
654,metal
655,metal
656,country
657,blues
658,metal
659,blues
660,blues
661,jazz
662,blues
663,blues
664,metal
665,jazz
666,metal
667,rock
668,metal
669,blues
670,metal
671,metal
672,blues
673,metal
674,metal
675,blues
676,metal
677,metal
678,metal
679,blues
680,metal
681,blues
682,jazz
683,metal
684,blues
685,jazz
686,jazz
687,blues
688,metal
689,metal
690,jazz
691,metal
692,blues
693,metal
694,jazz
695,metal
696,metal
697,jazz
698,metal
699,metal
700,metal
701,metal
702,blues
703,blues
704,blues
705,metal
706,blues
707,metal
708,metal
709,blues
710,metal
711,metal
712,blues
713,metal
714,metal
715,blues
716,metal
717,rock
718,metal
719,metal
720,metal
721,blues
722,metal
723,metal
724,metal
725,metal
726,blues
727,metal
728,blues
729,blues
730,blues
731,metal
732,metal
733,metal
734,metal
735,blues
736,blues
737,metal
738,metal
739,blues
740,blues
741,metal
742,metal
743,metal
744,metal
745,blues
746,metal
747,metal
748,metal
749,metal
750,metal
751,metal
752,blues
753,blues
754,metal
755,metal
756,jazz
757,metal
758,metal
759,rock
760,jazz
761,blues
762,blues
763,metal
764,metal
765,metal
766,blues
767,metal
768,metal
769,metal
770,blues
771,metal
772,jazz
773,metal
774,metal
775,metal
776,metal
777,jazz
778,metal
779,metal
780,metal
781,metal
782,metal
783,blues
784,metal
785,metal
786,metal
787,rock
788,metal
789,blues
790,jazz
791,blues
792,metal
793,jazz
794,metal
795,blues
796,metal
797,metal
798,metal
799,metal
800,metal
801,metal
802,metal
803,metal
804,metal
805,rock
806,metal
807,blues
808,metal
809,metal
810,metal
811,metal
812,metal
813,rock
814,metal
815,blues
816,hiphop
817,metal
818,metal
819,country
820,rock
821,metal
822,metal
823,metal
824,blues
825,blues
826,metal
827,jazz
828,metal
829,blues
830,metal
831,metal
832,blues
833,blues
834,metal
835,metal
836,metal
837,metal
838,jazz
839,blues
840,metal
841,metal
842,blues
843,blues
844,blues
845,metal
846,jazz
847,metal
848,jazz
849,blues
850,blues
851,metal
852,metal
853,blues
854,metal
855,blues
856,country
857,blues
858,rock
859,hiphop
860,metal
861,metal
862,metal
863,metal
864,jazz
865,blues
866,metal
867,blues
868,metal
869,metal
870,metal
871,metal
872,metal
873,blues
874,blues
875,blues
876,rock
877,blues
878,metal
879,blues
880,jazz
881,country
882,metal
883,metal
884,metal
885,metal
886,blues
887,blues
888,metal
889,metal
890,metal
891,metal
892,metal
893,metal
894,metal
895,metal
896,metal
897,metal
898,jazz
899,metal
900,blues
901,country
902,metal
903,blues
904,metal
905,jazz
906,blues
907,rock
908,country
909,metal
910,metal
911,metal
912,metal
913,metal
914,metal
915,blues
916,blues
917,metal
918,metal
919,metal
920,blues
921,metal
922,blues
923,blues
924,metal
925,metal
926,blues
927,metal
928,blues
929,country
930,metal
931,blues
932,blues
933,metal
934,metal
935,blues
936,metal
937,metal
938,metal
939,metal
940,blues
941,blues
942,metal
943,blues
944,metal
945,metal
946,rock
947,metal
948,metal
949,blues
950,metal
951,metal
952,blues
953,blues
954,blues
955,blues
956,metal
957,blues
958,blues
959,metal
960,blues
961,blues
962,metal
963,metal
964,metal
965,jazz
966,blues
967,metal
968,metal
969,blues
970,metal
971,blues
972,blues
973,metal
974,metal
975,blues
976,metal
977,blues
978,blues
979,metal
980,blues
981,blues
982,metal
983,blues
984,blues
985,metal
986,metal
987,metal
988,metal
989,metal
990,metal
991,blues
992,metal
993,metal
994,metal
995,metal
996,metal
997,blues
998,metal
999,metal
1000,blues
1001,blues
1002,blues
1003,metal
1004,jazz
1005,metal
1006,blues
1007,metal
1008,blues
1009,blues
1010,metal
1011,metal
1012,metal
1013,blues
1014,country
1015,metal
1016,blues
1017,metal
1018,metal
1019,metal
1020,metal
1021,metal
1022,metal
1023,metal
1024,metal
1025,metal
1026,metal
1027,blues
1028,rock
1029,metal
1030,metal
1031,blues
1032,metal
1033,metal
1034,metal
1035,country
1036,metal
1037,metal
1038,metal
1039,country
1040,blues
1041,blues
1042,jazz
1043,metal
1044,rock
1045,metal
1046,metal
1047,blues
1048,jazz
1049,metal
1050,blues
1051,blues
1052,metal
1053,metal
1054,rock
1055,rock
1056,blues
1057,metal
1058,blues
1059,metal
1060,metal
1061,metal
1062,blues
1063,metal
1064,metal
1065,blues
1066,metal
1067,metal
1068,blues
1069,metal
1070,blues
1071,blues
1072,metal
1073,metal
1074,jazz
1075,blues
1076,metal
1077,metal
1078,metal
1079,metal
1080,jazz
1081,blues
1082,blues
1083,blues
1084,country
1085,metal
1086,blues
1087,country
1088,blues
1089,blues
1090,metal
1091,blues
1092,metal
1093,metal
1094,metal
1095,metal
1096,metal
1097,metal
1098,metal
1099,metal
1100,jazz
1101,blues
1102,metal
1103,metal
1104,metal
1105,metal
1106,metal
1107,metal
1108,blues
1109,country
1110,metal
1111,metal
1112,metal
1113,blues
1114,metal
1115,metal
1116,metal
1117,metal
1118,metal
1119,metal
1120,blues
1121,jazz
1122,blues
1123,metal
1124,metal
1125,blues
1126,metal
1127,metal
1128,metal
1129,metal
1130,blues
1131,hiphop
1132,blues
1133,metal
1134,metal
1135,metal
1136,blues
1137,blues
1138,metal
1139,metal
1140,metal
1141,metal
1142,metal
1143,metal
1144,metal
1145,blues
1146,metal
1147,metal
1148,blues
1149,rock
1150,metal
1151,rock
1152,metal
1153,metal
1154,metal
1155,metal
1156,jazz
1157,blues
1158,metal
1159,blues
1160,metal
1161,metal
1162,metal
1163,metal
1164,blues
1165,blues
1166,jazz
1167,blues
1168,metal
1169,blues
1170,metal
1171,metal
1172,metal
1173,metal
1174,metal
1175,blues
1176,metal
1177,metal
1178,blues
1179,blues
1180,metal
1181,blues
1182,metal
1183,blues
1184,metal
1185,metal
1186,blues
1187,jazz
1188,blues
1189,metal
1190,metal
1191,metal
1192,blues
1193,metal
1194,blues
1195,blues
1196,blues
1197,metal
1198,metal
1199,metal
1200,metal
1201,metal
1202,metal
1203,metal
1204,blues
1205,blues
1206,rock
1207,blues
1208,metal
1209,metal
1210,metal
1211,blues
1212,metal
1213,blues
1214,blues
1215,metal
1216,blues
1217,blues
1218,metal
1219,metal
1220,metal
1221,blues
1222,blues
1223,metal
1224,jazz
1225,blues
1226,jazz
1227,metal
1228,metal
1229,blues
1230,blues
1231,jazz
1232,metal
1233,blues
1234,metal
1235,blues
1236,blues
1237,metal
1238,blues
1239,blues
1240,metal
1241,blues
1242,blues
1243,jazz
1244,metal
1245,blues
1246,metal
1247,blues
1248,metal
1249,blues
1250,blues
1251,blues
1252,blues
1253,metal
1254,metal
1255,blues
1256,metal
1257,metal
1258,blues
1259,metal
1260,metal
1261,metal
1262,blues
1263,blues
1264,metal
1265,metal
1266,blues
1267,blues
1268,metal
1269,jazz
1270,metal
1271,metal
1272,country
1273,metal
1274,metal
1275,country
1276,blues
1277,jazz
1278,blues
1279,metal
1280,metal
1281,metal
1282,metal
1283,metal
1284,jazz
1285,metal
1286,metal
1287,metal
1288,blues
1289,metal
1290,metal
1291,metal
1292,jazz
1293,jazz
1294,country
1295,metal
1296,metal
1297,blues
1298,blues
1299,metal
1300,metal
1301,blues
1302,blues
1303,country
1304,blues
1305,metal
1306,metal
1307,metal
1308,country
1309,metal
1310,blues
1311,metal
1312,blues
1313,metal
1314,metal
1315,metal
1316,metal
1317,metal
1318,blues
1319,metal
1320,metal
1321,metal
1322,jazz
1323,blues
1324,metal
1325,blues
1326,metal
1327,metal
1328,blues
1329,rock
1330,metal
1331,metal
1332,blues
1333,metal
1334,jazz
1335,blues
1336,blues
1337,blues
1338,blues
1339,metal
1340,blues
1341,blues
1342,metal
1343,jazz
1344,metal
1345,metal
1346,metal
1347,blues
1348,metal
1349,metal
1350,metal
1351,blues
1352,metal
1353,metal
1354,blues
1355,blues
1356,blues
1357,blues
1358,metal
1359,metal
1360,metal
1361,metal
1362,metal
1363,blues
1364,metal
1365,blues
1366,metal
1367,metal
1368,metal
1369,metal
1370,metal
1371,blues
1372,metal
1373,metal
1374,blues
1375,jazz
1376,metal
1377,blues
1378,blues
1379,blues
1380,country
1381,metal
1382,metal
1383,metal
1384,metal
1385,metal
1386,metal
1387,blues
1388,metal
1389,metal
1390,metal
1391,blues
1392,blues
1393,metal
1394,metal
1395,blues
1396,metal
1397,blues
1398,metal
1399,metal
1400,metal
1401,metal
1402,metal
1403,metal
1404,metal
1405,metal
1406,blues
1407,metal
1408,metal
1409,rock
1410,metal
1411,metal
1412,jazz
1413,metal
1414,metal
1415,metal
1416,metal
1417,blues
1418,metal
1419,blues
1420,metal
1421,metal
1422,metal
1423,metal
1424,blues
1425,blues
1426,metal
1427,jazz
1428,blues
1429,blues
1430,jazz
1431,metal
1432,blues
1433,metal
1434,blues
1435,blues
1436,blues
1437,metal
1438,blues
1439,metal
1440,metal
1441,metal
1442,metal
1443,metal
1444,metal
1445,metal
1446,metal
1447,metal
1448,blues
1449,blues
1450,blues
1451,metal
1452,blues
1453,metal
1454,metal
1455,metal
1456,metal
1457,blues
1458,metal
1459,metal
1460,metal
1461,metal
1462,blues
1463,metal
1464,metal
1465,metal
1466,metal
1467,blues
1468,metal
1469,metal
1470,blues
1471,blues
1472,blues
1473,metal
1474,metal
1475,metal
1476,metal
1477,metal
1478,metal
1479,metal
1480,blues
1481,metal
1482,metal
1483,metal
1484,metal
1485,blues
1486,rock
1487,metal
1488,blues
1489,blues
1490,blues
1491,metal
1492,metal
1493,metal
1494,blues
1495,metal
1496,metal
1497,blues
1498,blues
1499,country
1500,metal
1501,blues
1502,metal
1503,metal
1504,metal
1505,metal
1506,blues
1507,blues
1508,country
1509,metal
1510,metal
1511,metal
1512,blues
1513,blues
1514,jazz
1515,country
1516,rock
1517,jazz
1518,blues
1519,blues
1520,metal
1521,metal
1522,metal
1523,blues
1524,metal
1525,metal
1526,blues
1527,metal
1528,metal
1529,metal
1530,metal
1531,metal
1532,blues
1533,metal
1534,metal
1535,metal
1536,blues
1537,blues
1538,rock
1539,blues
1540,metal
1541,metal
1542,metal
1543,blues
1544,jazz
1545,metal
1546,jazz
1547,blues
1548,metal
1549,jazz
1550,blues
1551,blues
1552,metal
1553,blues
1554,blues
1555,metal
1556,metal
1557,metal
1558,blues
1559,blues
1560,metal
1561,metal
1562,rock
1563,metal
1564,metal
1565,blues
1566,metal
1567,blues
1568,metal
1569,metal
1570,metal
1571,metal
1572,metal
1573,metal
1574,metal
1575,blues
1576,blues
1577,blues
1578,metal
1579,metal
1580,blues
1581,metal
1582,blues
1583,jazz
1584,metal
1585,metal
1586,metal
1587,metal
1588,metal
1589,jazz
1590,metal
1591,metal
1592,blues
1593,metal
1594,metal
1595,country
1596,metal
1597,metal
1598,metal
1599,metal
1600,metal
1601,rock
1602,metal
1603,metal
1604,blues
1605,metal
1606,metal
1607,blues
1608,metal
1609,blues
1610,metal
1611,blues
1612,blues
1613,metal
1614,metal
1615,metal
1616,metal
1617,blues
1618,metal
1619,blues
1620,metal
1621,country
1622,metal
1623,metal
1624,metal
1625,blues
1626,metal
1627,metal
1628,metal
1629,blues
1630,blues
1631,blues
1632,metal
1633,jazz
1634,blues
1635,metal
1636,blues
1637,blues
1638,metal
1639,metal
1640,metal
1641,metal
1642,blues
1643,metal
1644,metal
1645,blues
1646,metal
1647,jazz
1648,blues
1649,metal
1650,blues
1651,metal
1652,metal
1653,blues
1654,metal
1655,blues
1656,blues
1657,metal
1658,metal
1659,metal
1660,metal
1661,metal
1662,metal
1663,jazz
1664,metal
1665,jazz
1666,blues
1667,metal
1668,metal
1669,jazz
1670,metal
1671,metal
1672,metal
1673,blues
1674,metal
1675,metal
1676,blues
1677,blues
1678,blues
1679,metal
1680,metal
1681,metal
1682,blues
1683,blues
1684,metal
1685,metal
1686,country
1687,metal
1688,metal
1689,rock
1690,blues
1691,blues
1692,metal
1693,metal
1694,metal
1695,blues
1696,blues
1697,blues
1698,metal
1699,metal
1700,blues
1701,blues
1702,metal
1703,metal
1704,rock
1705,jazz
1706,metal
1707,blues
1708,country
1709,blues
1710,metal
1711,metal
1712,rock
1713,blues
1714,metal
1715,blues
1716,blues
1717,blues
1718,metal
1719,metal
1720,blues
1721,metal
1722,jazz
1723,blues
1724,blues
1725,blues
1726,metal
1727,blues
1728,metal
1729,metal
1730,metal
1731,jazz
1732,blues
1733,metal
1734,rock
1735,metal
1736,metal
1737,metal
1738,blues
1739,blues
1740,jazz
1741,metal
1742,metal
1743,country
1744,metal
1745,metal
1746,blues
1747,blues
1748,metal
1749,blues
1750,metal
1751,metal
1752,blues
1753,blues
1754,metal
1755,metal
1756,blues
1757,blues
1758,blues
1759,blues
1760,metal
1761,country
1762,metal
1763,metal
1764,metal
1765,metal
1766,rock
1767,blues
1768,jazz
1769,metal
1770,metal
1771,metal
1772,metal
1773,metal
1774,blues
1775,metal
1776,metal
1777,blues
1778,metal
1779,blues
1780,metal
1781,metal
1782,metal
1783,metal
1784,metal
1785,metal
1786,metal
1787,blues
1788,metal
1789,metal
1790,metal
1791,metal
1792,blues
1793,metal
1794,metal
1795,metal
1796,metal
1797,metal
1798,metal
1799,metal
1800,blues
1801,country
1802,blues
1803,blues
1804,blues
1805,blues
1806,metal
1807,metal
1808,metal
1809,blues
1810,metal
1811,metal
1812,metal
1813,blues
1814,metal
1815,metal
1816,blues
1817,metal
1818,metal
1819,jazz
1820,blues
1821,blues
1822,blues
1823,blues
1824,blues
1825,metal
1826,blues
1827,blues
1828,metal
1829,metal
1830,blues
1831,metal
1832,blues
1833,metal
1834,blues
1835,metal
1836,metal
1837,metal
1838,metal
1839,metal
1840,metal
1841,metal
1842,metal
1843,metal
1844,blues
1845,metal
1846,metal
1847,blues
1848,metal
1849,country
1850,jazz
1851,metal
1852,blues
1853,metal
1854,jazz
1855,blues
1856,jazz
1857,country
1858,metal
1859,metal
1860,metal
1861,blues
1862,metal
1863,rock
1864,blues
1865,blues
1866,metal
1867,metal
1868,blues
1869,blues
1870,metal
1871,metal
1872,metal
1873,metal
1874,rock
1875,blues
1876,jazz
1877,metal
1878,metal
1879,metal
1880,metal
1881,metal
1882,metal
1883,metal
1884,metal
1885,blues
1886,blues
1887,metal
1888,blues
1889,metal
1890,blues
1891,blues
1892,metal
1893,metal
1894,blues
1895,metal
1896,metal
1897,metal
1898,blues
1899,metal
1900,metal
1901,blues
1902,metal
1903,jazz
1904,blues
1905,metal
1906,metal
1907,blues
1908,blues
1909,metal
1910,jazz
1911,jazz
1912,blues
1913,metal
1914,metal
1915,blues
1916,blues
1917,blues
1918,metal
1919,metal
1920,blues
1921,metal
1922,blues
1923,jazz
1924,metal
1925,metal
1926,metal
1927,metal
1928,blues
1929,metal
1930,metal
1931,metal
1932,metal
1933,metal
1934,metal
1935,blues
1936,metal
1937,blues
1938,blues
1939,metal
1940,blues
1941,metal
1942,rock
1943,metal
1944,metal
1945,metal
1946,blues
1947,blues
1948,blues
1949,metal
1950,metal
1951,metal
1952,metal
1953,metal
1954,metal
1955,metal
1956,metal
1957,metal
1958,blues
1959,metal
1960,blues
1961,rock
1962,metal
1963,metal
1964,metal
1965,blues
1966,metal
1967,jazz
1968,metal
1969,metal
1970,metal
1971,metal
1972,metal
1973,metal
1974,metal
1975,country
1976,metal
1977,blues
1978,jazz
1979,metal
1980,metal
1981,metal
1982,blues
1983,metal
1984,metal
1985,metal
1986,blues
1987,metal
1988,blues
1989,jazz
1990,metal
1991,metal
1992,metal
1993,jazz
1994,jazz
1995,metal
1996,blues
1997,metal
1998,jazz
1999,metal
2000,metal
2001,blues
2002,blues
2003,metal
2004,blues
2005,metal
2006,metal
2007,metal
2008,rock
2009,metal
2010,blues
2011,metal
2012,metal
2013,blues
2014,blues
2015,metal
2016,metal
2017,blues
2018,metal
2019,blues
2020,metal
2021,metal
2022,metal
2023,blues
2024,blues
2025,blues
2026,metal
2027,metal
2028,blues
2029,metal
2030,blues
2031,metal
2032,metal
2033,metal
2034,metal
2035,blues
2036,metal
2037,country
2038,blues
2039,metal
2040,metal
2041,metal
2042,metal
2043,metal
2044,jazz
2045,blues
2046,metal
2047,country
2048,metal
2049,metal
2050,metal
2051,metal
2052,metal
2053,metal
2054,metal
2055,metal
2056,metal
2057,metal
2058,rock
2059,metal
2060,metal
2061,blues
2062,metal
2063,jazz
2064,blues
2065,metal
2066,blues
2067,metal
2068,metal
2069,metal
2070,metal
2071,metal
2072,blues
2073,metal
2074,metal
2075,blues
2076,blues
2077,blues
2078,metal
2079,blues
2080,blues
2081,metal
2082,metal
2083,blues
2084,jazz
2085,blues
2086,blues
2087,blues
2088,metal
2089,blues
2090,metal
2091,jazz
2092,blues
2093,metal
2094,metal
2095,blues
2096,metal
2097,metal
2098,blues
2099,country
2100,blues
2101,blues
2102,metal
2103,metal
2104,blues
2105,blues
2106,metal
2107,blues
2108,blues
2109,metal
2110,metal
2111,metal
2112,metal
2113,metal
2114,blues
2115,metal
2116,blues
2117,jazz
2118,jazz
2119,metal
2120,metal
2121,blues
2122,metal
2123,blues
2124,metal
2125,metal
2126,blues
2127,blues
2128,metal
2129,metal
2130,metal
2131,blues
2132,metal
2133,blues
2134,metal
2135,blues
2136,jazz
2137,blues
2138,blues
2139,metal
2140,metal
2141,blues
2142,metal
2143,blues
2144,blues
2145,metal
2146,blues
2147,blues
2148,metal
2149,metal
2150,metal
2151,metal
2152,blues
2153,metal
2154,blues
2155,metal
2156,blues
2157,metal
2158,metal
2159,metal
2160,jazz
2161,blues
2162,metal
2163,blues
2164,blues
2165,metal
2166,metal
2167,metal
2168,metal
2169,metal
2170,metal
2171,metal
2172,jazz
2173,metal
2174,metal
2175,jazz
2176,country
2177,blues
2178,metal
2179,metal
2180,metal
2181,jazz
2182,blues
2183,metal
2184,blues
2185,blues
2186,metal
2187,blues
2188,blues
2189,metal
2190,metal
2191,metal
2192,blues
2193,blues
2194,blues
2195,metal
2196,rock
2197,blues
2198,metal
2199,blues
2200,blues
2201,jazz
2202,metal
2203,metal
2204,metal
2205,metal
2206,blues
2207,blues
2208,metal
2209,metal
2210,blues
2211,metal
2212,metal
2213,jazz
2214,blues
2215,blues
2216,metal
2217,metal
2218,blues
2219,metal
2220,rock
2221,country
2222,metal
2223,metal
2224,blues
2225,metal
2226,jazz
2227,metal
2228,metal
2229,metal
2230,blues
2231,rock
2232,metal
2233,hiphop
2234,blues
2235,metal
2236,metal
2237,blues
2238,blues
2239,blues
2240,metal
2241,jazz
2242,metal
2243,metal
2244,metal
2245,metal
2246,metal
2247,blues
2248,blues
2249,metal
2250,metal
2251,metal
2252,metal
2253,metal
2254,metal
2255,metal
2256,metal
2257,metal
2258,country
2259,metal
2260,blues
2261,blues
2262,blues
2263,metal
2264,blues
2265,blues
2266,metal
2267,metal
2268,metal
2269,metal
2270,jazz
2271,metal
2272,metal
2273,metal
2274,blues
2275,metal
2276,metal
2277,blues
2278,blues
2279,metal
2280,blues
2281,metal
2282,metal
2283,rock
2284,metal
2285,metal
2286,metal
2287,metal
2288,metal
2289,jazz
2290,blues
2291,rock
2292,metal
2293,metal
2294,metal
2295,blues
2296,jazz
2297,blues
2298,blues
2299,blues
2300,blues
2301,jazz
2302,metal
2303,metal
2304,blues
2305,metal
2306,metal
2307,blues
2308,metal
2309,metal
2310,blues
2311,blues
2312,jazz
2313,blues
2314,blues
2315,metal
2316,metal
2317,metal
2318,metal
2319,blues
2320,blues
2321,metal
2322,metal
2323,metal
2324,metal
2325,blues
2326,jazz
2327,metal
2328,blues
2329,metal
2330,blues
2331,blues
2332,metal
2333,metal
2334,metal
2335,blues
2336,blues
2337,blues
2338,metal
2339,blues
2340,metal
2341,metal
2342,blues
2343,metal
2344,blues
2345,metal
2346,metal
2347,metal
2348,blues
2349,metal
2350,blues
2351,metal
2352,rock
2353,metal
2354,metal
2355,metal
2356,metal
2357,blues
2358,metal
2359,metal
2360,jazz
2361,metal
2362,metal
2363,metal
2364,metal
2365,jazz
2366,blues
2367,metal
2368,metal
2369,metal
2370,metal
2371,jazz
2372,blues
2373,metal
2374,metal
2375,metal
2376,blues
2377,metal
2378,metal
2379,metal
2380,metal
2381,metal
2382,blues
2383,metal
2384,metal
2385,metal
2386,metal
2387,jazz
2388,blues
2389,jazz
2390,metal
2391,blues
2392,rock
2393,country
2394,metal
2395,metal
2396,metal
2397,metal
2398,blues
2399,metal
2400,metal
2401,blues
2402,blues
2403,blues
2404,metal
2405,metal
2406,blues
2407,rock
2408,blues
2409,metal
2410,metal
2411,metal
2412,blues
2413,blues
2414,metal
2415,metal
2416,metal
2417,blues
2418,blues
2419,metal
2420,blues
2421,metal
2422,metal
2423,metal
2424,metal
2425,metal
2426,metal
2427,metal
2428,metal
2429,blues
2430,metal
2431,metal
2432,blues
2433,blues
2434,metal
2435,metal
2436,metal
2437,metal
2438,rock
2439,blues
2440,blues
2441,metal
2442,metal
2443,metal
2444,blues
2445,blues
2446,metal
2447,rock
2448,blues
2449,blues
2450,jazz
2451,metal
2452,metal
2453,metal
2454,metal
2455,metal
2456,jazz
2457,metal
2458,metal
2459,blues
2460,metal
2461,metal
2462,metal
2463,metal
2464,blues
2465,blues
2466,metal
2467,jazz
2468,metal
2469,blues
2470,metal
2471,blues
2472,metal
2473,metal
2474,blues
2475,jazz
2476,metal
2477,blues
2478,metal
2479,blues
2480,blues
2481,blues
2482,blues
2483,metal
2484,blues
2485,metal
2486,metal
2487,metal
2488,blues
2489,blues
2490,metal
2491,metal
2492,metal
2493,hiphop
2494,metal
2495,metal
2496,metal
2497,metal
2498,blues
2499,metal
2500,metal
2501,blues
2502,jazz
2503,blues
2504,metal
2505,rock
2506,metal
2507,metal
2508,rock
2509,blues
2510,metal
2511,blues
2512,blues
2513,blues
2514,rock
2515,jazz
2516,metal
2517,metal
2518,blues
2519,blues
2520,blues
2521,blues
2522,blues
2523,jazz
2524,metal
2525,blues
2526,metal
2527,metal
2528,blues
2529,metal
2530,jazz
2531,blues
2532,metal
2533,blues
2534,metal
2535,metal
2536,metal
2537,blues
2538,blues
2539,metal
2540,metal
2541,metal
2542,blues
2543,rock
2544,metal
2545,metal
2546,metal
2547,metal
2548,metal
2549,jazz
2550,metal
2551,blues
2552,blues
2553,metal
2554,blues
2555,blues
2556,metal
2557,metal
2558,jazz
2559,metal
2560,metal
2561,metal
2562,metal
2563,country
2564,metal
2565,blues
2566,blues
2567,blues
2568,country
2569,metal
2570,blues
2571,metal
2572,metal
2573,metal
2574,blues
2575,country
2576,jazz
2577,jazz
2578,metal
2579,metal
2580,metal
2581,blues
2582,metal
2583,metal
2584,blues
2585,blues
2586,jazz
2587,blues
2588,metal
2589,blues
2590,metal
2591,metal
2592,metal
2593,blues
2594,metal
2595,metal
2596,metal
2597,rock
2598,blues
2599,metal
2600,metal
2601,metal
2602,metal
2603,jazz
2604,metal
2605,metal
2606,metal
2607,metal
2608,metal
2609,metal
2610,metal
2611,blues
2612,metal
2613,blues
2614,blues
2615,blues
2616,metal
2617,metal
2618,blues
2619,metal
2620,metal
2621,metal
2622,blues
2623,metal
2624,metal
2625,metal
2626,metal
2627,blues
2628,metal
2629,blues
2630,blues
2631,metal
2632,rock
2633,metal
2634,rock
2635,rock
2636,metal
2637,blues
2638,metal
2639,metal
2640,blues
2641,jazz
2642,blues
2643,blues
2644,blues
2645,blues
2646,blues
2647,metal
2648,metal
2649,jazz
2650,blues
2651,metal
2652,metal
2653,metal
2654,metal
2655,blues
2656,blues
2657,metal
2658,metal
2659,country
2660,blues
2661,blues
2662,metal
2663,metal
2664,blues
2665,metal
2666,metal
2667,metal
2668,metal
2669,blues
2670,metal
2671,blues
2672,metal
2673,metal
2674,blues
2675,metal
2676,metal
2677,blues
2678,metal
2679,metal
2680,metal
2681,jazz
2682,blues
2683,metal
2684,metal
2685,rock
2686,blues
2687,blues
2688,blues
2689,metal
2690,blues
2691,jazz
2692,metal
2693,metal
2694,metal
2695,blues
2696,blues
2697,metal
2698,metal
2699,blues
2700,blues
2701,jazz
2702,metal
2703,blues
2704,blues
2705,blues
2706,blues
2707,metal
2708,metal
2709,metal
2710,rock
2711,metal
2712,blues
2713,metal
2714,blues
2715,metal
2716,metal
2717,jazz
2718,metal
2719,jazz
2720,metal
2721,jazz
2722,metal
2723,metal
2724,metal
2725,metal
2726,metal
2727,blues
2728,metal
2729,metal
2730,blues
2731,metal
2732,metal
2733,blues
2734,metal
2735,jazz
2736,metal
2737,blues
2738,metal
2739,country
2740,metal
2741,blues
2742,metal
2743,rock
2744,jazz
2745,blues
2746,metal
2747,metal
2748,blues
2749,blues
2750,metal
2751,metal
2752,jazz
2753,metal
2754,blues
2755,blues
2756,metal
2757,metal
2758,metal
2759,blues
2760,blues
2761,metal
2762,blues
2763,metal
2764,metal
2765,metal
2766,metal
2767,jazz
2768,blues
2769,metal
2770,metal
2771,blues
2772,blues
2773,metal
2774,blues
2775,blues
2776,metal
2777,metal
2778,blues
2779,blues
2780,metal
2781,metal
2782,metal
2783,blues
2784,metal
2785,blues
2786,metal
2787,metal
2788,blues
2789,metal
2790,metal
2791,metal
2792,metal
2793,metal
2794,blues
2795,metal
2796,metal
2797,metal
2798,metal
2799,metal
2800,metal
2801,blues
2802,metal
2803,blues
2804,blues
2805,metal
2806,blues
2807,metal
2808,metal
2809,metal
2810,metal
2811,metal
2812,metal
2813,metal
2814,metal
2815,blues
2816,metal
2817,metal
2818,blues
2819,blues
2820,metal
2821,metal
2822,metal
2823,metal
2824,blues
2825,metal
2826,metal
2827,metal
2828,blues
2829,metal
2830,metal
2831,metal
2832,metal
2833,metal
2834,metal
2835,metal
2836,blues
2837,blues
2838,metal
2839,metal
2840,metal
2841,metal
2842,metal
2843,blues
2844,metal
2845,metal
2846,blues
2847,metal
2848,country
2849,metal
2850,metal
2851,metal
2852,metal
2853,blues
2854,blues
2855,metal
2856,metal
2857,metal
2858,blues
2859,metal
2860,metal
2861,metal
2862,metal
2863,metal
2864,metal
2865,metal
2866,metal
2867,jazz
2868,metal
2869,blues
2870,blues
2871,metal
2872,blues
2873,blues
2874,blues
2875,metal
2876,blues
2877,blues
2878,blues
2879,blues
2880,rock
2881,metal
2882,blues
2883,metal
2884,blues
2885,blues
2886,jazz
2887,blues
2888,blues
2889,jazz
2890,metal
2891,blues
2892,blues
2893,metal
2894,blues
2895,blues
2896,metal
2897,blues
2898,metal
2899,metal
2900,jazz
2901,blues
2902,blues
2903,metal
2904,metal
2905,metal
2906,blues
2907,metal
2908,metal
2909,blues
2910,metal
2911,blues
2912,blues
2913,metal
2914,metal
2915,metal
2916,metal
2917,metal
2918,metal
2919,country
2920,metal
2921,rock
2922,metal
2923,blues
2924,blues
2925,metal
2926,metal
2927,metal
2928,metal
2929,metal
2930,metal
2931,metal
2932,metal
2933,metal
2934,metal
2935,blues
2936,metal
2937,country
2938,blues
2939,metal
2940,metal
2941,metal
2942,metal
2943,blues
2944,metal
2945,metal
2946,metal
2947,country
2948,metal
2949,metal
2950,blues
2951,metal
2952,blues
2953,metal
2954,metal
2955,blues
2956,blues
2957,blues
2958,metal
2959,metal
2960,metal
2961,blues
2962,blues
2963,metal
2964,metal
2965,metal
2966,metal
2967,metal
2968,rock
2969,metal
2970,blues
2971,blues
2972,jazz
2973,metal
2974,metal
2975,metal
2976,metal
2977,blues
2978,blues
2979,blues
2980,metal
2981,jazz
2982,metal
2983,jazz
2984,metal
2985,metal
2986,blues
2987,metal
2988,metal
2989,metal
2990,metal
2991,blues
2992,metal
2993,metal
2994,metal
2995,blues
2996,jazz
2997,blues
2998,blues
2999,blues
3000,blues
3001,metal
3002,rock
3003,metal
3004,blues
3005,metal
3006,metal
3007,metal
3008,blues
3009,blues
3010,metal
3011,metal
3012,metal
3013,blues
3014,metal
3015,blues
3016,metal
3017,blues
3018,blues
3019,metal
3020,metal
